{"stats":{"minecraft:picked_up":{"minecraft:spruce_log":3},"minecraft:crafted":{"minecraft:spruce_planks":8},"minecraft:mined":{"minecraft:spruce_log":3},"minecraft:custom":{"minecraft:jump":28,"minecraft:time_since_rest":5511,"minecraft:leave_game":2,"minecraft:play_time":5511,"minecraft:sprint_one_cm":12857,"minecraft:time_since_death":5511,"minecraft:walk_one_cm":5746,"minecraft:sneak_time":1,"minecraft:total_world_time":5511,"minecraft:fall_one_cm":1103,"minecraft:fly_one_cm":7278},"minecraft:used":{"minecraft:spruce_log":1}},"DataVersion":3465}