{"stats":{"minecraft:used":{"minecraft:spruce_log":1},"minecraft:custom":{"minecraft:jump":12,"minecraft:time_since_rest":4738,"minecraft:leave_game":1,"minecraft:sprint_one_cm":6272,"minecraft:play_time":4738,"minecraft:time_since_death":4738,"minecraft:walk_one_cm":4609,"minecraft:sneak_time":1,"minecraft:total_world_time":4738,"minecraft:fall_one_cm":418,"minecraft:fly_one_cm":3364},"minecraft:picked_up":{"minecraft:spruce_log":3},"minecraft:crafted":{"minecraft:spruce_planks":8},"minecraft:mined":{"minecraft:spruce_log":3}},"DataVersion":3465}