{"stats":{"minecraft:picked_up":{"minecraft:rotten_flesh":2,"minecraft:spruce_log":3,"minecraft:dirt":1},"minecraft:mined":{"minecraft:grass_block":1,"minecraft:spruce_log":3},"minecraft:custom":{"minecraft:time_since_rest":12525,"minecraft:open_chest":1,"minecraft:crouch_one_cm":12,"minecraft:sprint_one_cm":46158,"minecraft:play_time":12525,"minecraft:damage_taken":30,"minecraft:walk_one_cm":18501,"minecraft:sneak_time":167,"minecraft:walk_under_water_one_cm":8742,"minecraft:drop":3,"minecraft:jump":92,"minecraft:leave_game":3,"minecraft:time_since_death":12525,"minecraft:walk_on_water_one_cm":1421,"minecraft:total_world_time":12525,"minecraft:swim_one_cm":6106,"minecraft:fall_one_cm":2472,"minecraft:fly_one_cm":136464},"minecraft:crafted":{"minecraft:spruce_planks":8},"minecraft:dropped":{"minecraft:rotten_flesh":2,"minecraft:spruce_planks":2},"minecraft:used":{"minecraft:dirt":1,"minecraft:spruce_planks":3,"minecraft:spruce_log":1}},"DataVersion":3465}